match,date,match_id,youtube_url,minute,second,timestamp_mmss,corner_team,kicker
New Zealand vs Norway,2023-07-20,3893787,https://www.youtube.com/watch?v=xYl-l6J_AhM,16,22,16:22,New Zealand Women's,Ria Percival
New Zealand vs Norway,2023-07-20,3893787,https://www.youtube.com/watch?v=xYl-l6J_AhM,18,8,18:08,Norway Women's,Guro Reiten
New Zealand vs Norway,2023-07-20,3893787,https://www.youtube.com/watch?v=xYl-l6J_AhM,24,37,24:37,New Zealand Women's,Ria Percival
New Zealand vs Norway,2023-07-20,3893787,https://www.youtube.com/watch?v=xYl-l6J_AhM,41,19,41:19,New Zealand Women's,Ria Percival
New Zealand vs Norway,2023-07-20,3893787,https://www.youtube.com/watch?v=xYl-l6J_AhM,44,29,44:29,New Zealand Women's,Ria Percival
New Zealand vs Norway,2023-07-20,3893787,https://www.youtube.com/watch?v=xYl-l6J_AhM,50,4,50:04,New Zealand Women's,Ria Percival
New Zealand vs Norway,2023-07-20,3893787,https://www.youtube.com/watch?v=xYl-l6J_AhM,52,54,52:54,New Zealand Women's,Ria Percival
New Zealand vs Norway,2023-07-20,3893787,https://www.youtube.com/watch?v=xYl-l6J_AhM,62,48,62:48,New Zealand Women's,Ria Percival
New Zealand vs Norway,2023-07-20,3893787,https://www.youtube.com/watch?v=xYl-l6J_AhM,73,22,73:22,New Zealand Women's,Ria Percival
New Zealand vs Norway,2023-07-20,3893787,https://www.youtube.com/watch?v=xYl-l6J_AhM,82,21,82:21,Norway Women's,Caroline Graham Hansen
England vs Haiti,2023-07-22,3893794,https://www.youtube.com/watch?v=-VUkBFlLoDM,1,44,1:44,Haiti Women's,Sherly Jeudy
England vs Haiti,2023-07-22,3893794,https://www.youtube.com/watch?v=-VUkBFlLoDM,2,57,2:57,England Women's,Chloe Kelly
England vs Haiti,2023-07-22,3893794,https://www.youtube.com/watch?v=-VUkBFlLoDM,3,38,3:38,England Women's,Alex Greenwood
England vs Haiti,2023-07-22,3893794,https://www.youtube.com/watch?v=-VUkBFlLoDM,24,39,24:39,England Women's,Chloe Kelly
England vs Haiti,2023-07-22,3893794,https://www.youtube.com/watch?v=-VUkBFlLoDM,44,23,44:23,Haiti Women's,Sherly Jeudy
England vs Haiti,2023-07-22,3893794,https://www.youtube.com/watch?v=-VUkBFlLoDM,58,27,58:27,England Women's,Alex Greenwood
England vs Haiti,2023-07-22,3893794,https://www.youtube.com/watch?v=-VUkBFlLoDM,58,46,58:46,England Women's,Alex Greenwood
England vs Haiti,2023-07-22,3893794,https://www.youtube.com/watch?v=-VUkBFlLoDM,63,48,63:48,England Women's,Chloe Kelly
England vs Haiti,2023-07-22,3893794,https://www.youtube.com/watch?v=-VUkBFlLoDM,85,32,85:32,England Women's,Chloe Kelly
England vs Haiti,2023-07-22,3893794,https://www.youtube.com/watch?v=-VUkBFlLoDM,90,29,90:29,Haiti Women's,Melchie Daëlle Dumornay
Argentina vs Saudi Arabia,2022-11-22,3857300,https://www.youtube.com/watch?v=taD7yT6Bmi0,5,58,5:58,Argentina,Lionel Andrés Messi Cuccittini
Argentina vs Saudi Arabia,2022-11-22,3857300,https://www.youtube.com/watch?v=taD7yT6Bmi0,30,9,30:09,Saudi Arabia,Salman Mohammed Al Faraj
Argentina vs Saudi Arabia,2022-11-22,3857300,https://www.youtube.com/watch?v=taD7yT6Bmi0,40,42,40:42,Argentina,Alejandro Darío Gómez
Argentina vs Saudi Arabia,2022-11-22,3857300,https://www.youtube.com/watch?v=taD7yT6Bmi0,62,35,62:35,Argentina,Lionel Andrés Messi Cuccittini
Argentina vs Saudi Arabia,2022-11-22,3857300,https://www.youtube.com/watch?v=taD7yT6Bmi0,63,39,63:39,Argentina,Lionel Andrés Messi Cuccittini
Argentina vs Saudi Arabia,2022-11-22,3857300,https://www.youtube.com/watch?v=taD7yT6Bmi0,68,34,68:34,Argentina,Lionel Andrés Messi Cuccittini
Argentina vs Saudi Arabia,2022-11-22,3857300,https://www.youtube.com/watch?v=taD7yT6Bmi0,75,17,75:17,Argentina,Marcos Javier Acuña
Argentina vs Saudi Arabia,2022-11-22,3857300,https://www.youtube.com/watch?v=taD7yT6Bmi0,90,33,90:33,Argentina,Marcos Javier Acuña
Argentina vs Saudi Arabia,2022-11-22,3857300,https://www.youtube.com/watch?v=taD7yT6Bmi0,93,7,93:07,Saudi Arabia,Salem Mohammed Al Dawsari
Argentina vs Saudi Arabia,2022-11-22,3857300,https://www.youtube.com/watch?v=taD7yT6Bmi0,99,27,99:27,Argentina,Marcos Javier Acuña
Argentina vs Saudi Arabia,2022-11-22,3857300,https://www.youtube.com/watch?v=taD7yT6Bmi0,99,51,99:51,Argentina,Marcos Javier Acuña
Belgium vs Japan,2018-07-02,7584,https://www.youtube.com/watch?v=GrkiZjoyugA,15,53,15:53,Belgium,Kevin De Bruyne
Belgium vs Japan,2018-07-02,7584,https://www.youtube.com/watch?v=GrkiZjoyugA,17,13,17:13,Belgium,Romelu Lukaku Menama
Belgium vs Japan,2018-07-02,7584,https://www.youtube.com/watch?v=GrkiZjoyugA,20,56,20:56,Belgium,Kevin De Bruyne
Belgium vs Japan,2018-07-02,7584,https://www.youtube.com/watch?v=GrkiZjoyugA,37,31,37:31,Belgium,Kevin De Bruyne
Belgium vs Japan,2018-07-02,7584,https://www.youtube.com/watch?v=GrkiZjoyugA,59,31,59:31,Japan,Gaku Shibasaki
Belgium vs Japan,2018-07-02,7584,https://www.youtube.com/watch?v=GrkiZjoyugA,68,43,68:43,Belgium,Kevin De Bruyne
Belgium vs Japan,2018-07-02,7584,https://www.youtube.com/watch?v=GrkiZjoyugA,71,54,71:54,Japan,Gaku Shibasaki
Belgium vs Japan,2018-07-02,7584,https://www.youtube.com/watch?v=GrkiZjoyugA,73,10,73:10,Belgium,Eden Hazard
Belgium vs Japan,2018-07-02,7584,https://www.youtube.com/watch?v=GrkiZjoyugA,79,38,79:38,Belgium,Kevin De Bruyne
Belgium vs Japan,2018-07-02,7584,https://www.youtube.com/watch?v=GrkiZjoyugA,85,30,85:30,Belgium,Kevin De Bruyne
Belgium vs Japan,2018-07-02,7584,https://www.youtube.com/watch?v=GrkiZjoyugA,90,38,90:38,Japan,Keisuke Honda
Belgium vs Japan,2018-07-02,7584,https://www.youtube.com/watch?v=GrkiZjoyugA,93,31,93:31,Japan,Keisuke Honda
Japan vs Spain,2022-12-01,3857255,https://www.youtube.com/watch?v=DtzIyXc56f4,8,47,8:47,Spain,Daniel Olmo Carvajal
Japan vs Spain,2022-12-01,3857255,https://www.youtube.com/watch?v=DtzIyXc56f4,46,11,46:11,Spain,Daniel Olmo Carvajal
